20190301,0900,1800
20190302,0900,1900
20190302,0900,1900
20190302,0900,1900
20190302,0900,1900
20190302,0900,1900
20190302,0900,1900
20190302,0900,1900
20190302,0900,1900
20190302,0900,1900
20190302,0900,1900
20190302,0900,1900
20190302,0900,1900
20190302,0900,1900
20190302,0900,1900
20190302,0900,1900
20190302,0900,1900
20190302,0900,1900
20190302,0900,1900
20190302,0900,1900
20190302,0900,1900
20190302,0900,1900
20190302,0900,1900
20190302,0900,1900
20190302,0900,1900
20190302,0900,1900
20190302,0900,1900
20190302,0900,1900
20190302,0900,1900
20190302,0900,1900


